Individual,Site,Location,Land Classification,Soil,Number of flowerheads,Biomass,# Number of leaves,Height of the largest leaf (mm),Width of largest leaf (mm),Environmental_Zone,Month Picked
Dark 1,Dark,Rattlesnake Canyon,NonUrban,Normal,4,0.2,10,94.9,13.1,3,June
Dark 10,Dark,Rattlesnake Canyon,NonUrban,Normal,5,0.22,8,59.2,7.8,3,June
Dark 11,Dark,Rattlesnake Canyon,NonUrban,Normal,5,0.27,8,64.5,9.5,3,June
Dark 12,Dark,Rattlesnake Canyon,NonUrban,Normal,3,0.13,7,35.5,6.5,3,June
Dark 13,Dark,Rattlesnake Canyon,NonUrban,Normal,4,0.3,8,54.6,8.1,3,June
Dark 16,Dark,Rattlesnake Canyon,NonUrban,Normal,5,0.27,9,98,14.5,3,June
Dark 17,Dark,Rattlesnake Canyon,NonUrban,Normal,3,0.15,6,47.8,8,3,June
Dark 18,Dark,Rattlesnake Canyon,NonUrban,Normal,9,0.29,12,52.1,6,3,June
Dark 19,Dark,Rattlesnake Canyon,NonUrban,Normal,4,0.19,10,58.6,7.2,3,June
Dark 2,Dark,Rattlesnake Canyon,NonUrban,Normal,7,0.27,11,103.2,13.9,3,June
Dark 22,Dark,Rattlesnake Canyon,NonUrban,Normal,4,0.06,7,39,6.3,3,June
Dark 24,Dark,Rattlesnake Canyon,NonUrban,Normal,12,NA,11,58,7.4,3,June
Dark 25,Dark,Rattlesnake Canyon,NonUrban,Normal,4,0.37,12,83.1,9.3,3,June
Dark 26,Dark,Rattlesnake Canyon,NonUrban,Normal,2,0.09,3,38.2,7.7,3,June
Dark 27,Dark,Rattlesnake Canyon,NonUrban,Normal,7,0.35,10,87.1,9.8,3,June
Dark 28,Dark,Rattlesnake Canyon,NonUrban,Normal,3,0.11,6,78.4,11.2,3,June
Dark 29,Dark,Rattlesnake Canyon,NonUrban,Normal,NA,NA,11,60.8,10.2,3,June
Dark 3,Dark,Rattlesnake Canyon,NonUrban,Normal,10,0.23,10,78,12,3,June
Dark 30,Dark,Rattlesnake Canyon,NonUrban,Normal,2,0.07,5,31.5,7.8,3,June
Dark 31,Dark,Rattlesnake Canyon,NonUrban,Normal,4,0.28,8,58.2,8.5,3,June
Dark 4,Dark,Rattlesnake Canyon,NonUrban,Normal,5,0.13,7,49.8,6.6,3,June
Dark 7,Dark,Rattlesnake Canyon,NonUrban,Normal,3,0.12,5,53,6.7,3,June
Dark 8,Dark,Rattlesnake Canyon,NonUrban,Normal,4,0.26,10,82.2,10.5,3,June
King 10,King,King Gillette Ranch,NonUrban,Normal,4,0.17,5,55.3,9.9,5,June
King 11,King,King Gillette Ranch,NonUrban,Normal,3,0.25,6,57.8,8.9,5,June
King 12,King,King Gillette Ranch,NonUrban,Normal,3,0.11,5,53.4,7,5,June
King 14,King,King Gillette Ranch,NonUrban,Normal,2,0.18,5,70.3,7.8,5,June
King 15,King,King Gillette Ranch,NonUrban,Normal,5,0.26,9,60.3,11.6,5,June
King 16,King,King Gillette Ranch,NonUrban,Normal,4,0.11,6,45.2,7.6,5,June
King 2,King,King Gillette Ranch,NonUrban,Normal,6,0.33,9,84.4,10.2,5,June
King 3,King,King Gillette Ranch,NonUrban,Normal,5,0.24,9,63.8,8.6,5,June
King 4,King,King Gillette Ranch,NonUrban,Normal,3,0.32,10,60.5,9.1,5,June
King 5,King,King Gillette Ranch,NonUrban,Normal,4,0.15,9,60.5,10.3,5,June
King 6,King,King Gillette Ranch,NonUrban,Normal,9,0.44,12,81.8,10.6,5,June
King 7,King,King Gillette Ranch,NonUrban,Normal,4,0.19,6,66.9,10,5,June
King 8,King,King Gillette Ranch,NonUrban,Normal,4,NA,5,53.2,9.9,5,June
King 9,King,King Gillette Ranch,NonUrban,Normal,3,0.23,6,60,6.7,5,June
Lobos 1,Lobos,Santa Cruz,NonUrban,Normal,5,0.19,8,55.1,8.5,3,July
Lobos 3,Lobos,Santa Cruz,NonUrban,Normal,4,0.19,8,50.2,8.3,3,July
Lobos 4,Lobos,Santa Cruz,NonUrban,Normal,5,0.14,6,60.6,8.1,3,July
Lobos 5,Lobos,Santa Cruz,NonUrban,Normal,5,0.25,8,73.3,10.3,3,July
Lobos 6,Lobos,Santa Cruz,NonUrban,Normal,6,0.24,13,63.1,8.5,3,July
Lobos 7,Lobos,Santa Cruz,NonUrban,Normal,3,0.3,7,37.5,7.2,3,July
Lobos 8,Lobos,Santa Cruz,NonUrban,Normal,3,0.3,8,65.5,9.4,3,July
Long 1,Long,Sierra Azul,NonUrban,Normal,4,0.23,9,95.9,14,3,July
Long 10,Long,Sierra Azul,NonUrban,Normal,7,NA,12,73.5,10.7,3,July
Long 12,Long,Sierra Azul,NonUrban,Normal,5,0.55,13,74.2,10.8,3,July
Long 13,Long,Sierra Azul,NonUrban,Normal,5,0.32,9,64.4,11.2,3,July
Long 14,Long,Sierra Azul,NonUrban,Normal,4,0.08,6,37.7,7.1,3,July
Long 16,Long,Sierra Azul,NonUrban,Normal,4,0.22,10,77,10.1,3,July
Long 17,Long,Sierra Azul,NonUrban,Normal,7,NA,10,110.4,14.7,3,July
Long 19,Long,Sierra Azul,NonUrban,Normal,2,0.09,3,39.4,7.7,3,July
Long 22,Long,Sierra Azul,NonUrban,Normal,3,0.26,8,86.5,14.1,3,July
Long 24,Long,Sierra Azul,NonUrban,Normal,2,0.16,5,57.8,9.9,3,July
Long 26,Long,Sierra Azul,NonUrban,Normal,4,0.24,10,86.4,10.4,3,July
Long 27,Long,Sierra Azul,NonUrban,Normal,4,NA,8,64.1,8.5,3,July
Long 28,Long,Sierra Azul,NonUrban,Normal,5,0.26,8,50,7.7,3,July
Long 29,Long,Sierra Azul,NonUrban,Normal,3,0.25,8,56,8.9,3,July
Long 3,Long,Sierra Azul,NonUrban,Normal,6,0.35,12,57.9,7.8,3,July
Long 4,Long,Sierra Azul,NonUrban,Normal,6,0.3,10,84.8,9.5,3,July
Long 5,Long,Sierra Azul,NonUrban,Normal,2,0.14,5,61.2,9.4,3,July
Long 6,Long,Sierra Azul,NonUrban,Normal,7,0.29,12,77.5,10.9,3,July
Long 7,Long,Sierra Azul,NonUrban,Normal,6,0.29,9,69.6,6.5,3,July
Long 8,Long,Sierra Azul,NonUrban,Normal,6,0.34,12,97.6,5.9,3,July
Long 9,Long,Sierra Azul,NonUrban,Normal,6,0.21,11,75.6,12.3,3,July
Oro 1,Oro,Montana de Oro,NonUrban,Normal,5,0.41,9,108.6,14.2,3,July
Oro 11,Oro,Montana de Oro,NonUrban,Normal,6,0.08,8,80,10.6,3,July
Oro 12,Oro,Montana de Oro,NonUrban,Normal,2,0.22,4,45.6,9.6,3,July
Oro 13,Oro,Montana de Oro,NonUrban,Normal,4,0.14,7,48.6,8.8,3,July
Oro 14,Oro,Montana de Oro,NonUrban,Normal,4,0.13,7,38.6,6.9,3,July
Oro 15,Oro,Montana de Oro,NonUrban,Normal,2,0.23,3,44.6,8.3,3,July
Oro 16,Oro,Montana de Oro,NonUrban,Normal,1,0.11,4,46.1,9.6,3,July
Oro 17,Oro,Montana de Oro,NonUrban,Normal,1,0.21,4,48.5,7.7,3,July
Oro 18,Oro,Montana de Oro,NonUrban,Normal,2,0.1,3,44.5,7.3,3,July
Oro 19,Oro,Montana de Oro,NonUrban,Normal,2,0.13,3,46.2,7,3,July
Oro 22,Oro,Montana de Oro,NonUrban,Normal,3,0.17,4,60.5,9.2,3,July
Oro 23,Oro,Montana de Oro,NonUrban,Normal,5,0.3,7,67,9.2,3,July
Oro 4,Oro,Montana de Oro,NonUrban,Normal,8,0.44,14,71.2,7.6,3,July
Oro 5,Oro,Montana de Oro,NonUrban,Normal,3,0.19,7,53.4,9.1,3,July
Oro 7,Oro,Montana de Oro,NonUrban,Normal,3,0.21,8,67.9,7.6,3,July
Oro 8,Oro,Montana de Oro,NonUrban,Normal,2,0.23,4,57,8.7,3,July
Oro 9,Oro,Montana de Oro,NonUrban,Normal,5,0.17,7,71,9.3,3,July
Pina 1,Pina,Pinnacles National Park,NonUrban,Normal,4,0.29,8,108.7,14,4,July
Pina 10,Pina,Pinnacles National Park,NonUrban,Normal,5,0.18,6,78.9,9.7,4,July
Pina 11,Pina,Pinnacles National Park,NonUrban,Normal,3,0.31,7,57.9,7.7,4,July
Pina 12,Pina,Pinnacles National Park,NonUrban,Normal,7,0.31,10,57.8,12.1,4,July
Pina 13,Pina,Pinnacles National Park,NonUrban,Normal,3,0.09,8,37.2,5.6,4,July
Pina 15,Pina,Pinnacles National Park,NonUrban,Normal,4,0.18,6,54.6,7.7,4,July
Pina 16,Pina,Pinnacles National Park,NonUrban,Normal,NA,0.08,5,48.6,6.6,4,July
Pina 18,Pina,Pinnacles National Park,NonUrban,Normal,9,0.29,12,85.3,13.2,4,July
Pina 19,Pina,Pinnacles National Park,NonUrban,Normal,7,0.45,14,83.7,10.6,4,July
Pina 2,Pina,Pinnacles National Park,NonUrban,Normal,3,0.04,6,60.7,8.2,4,July
Pina 20,Pina,Pinnacles National Park,NonUrban,Normal,7,0.16,10,66.1,5.6,4,July
Pina 22,Pina,Pinnacles National Park,NonUrban,Normal,4,0.37,8,65.8,10,4,July
Pina 23,Pina,Pinnacles National Park,NonUrban,Normal,6,0.28,9,71.8,11.5,4,July
Pina 25,Pina,Pinnacles National Park,NonUrban,Normal,4,0.12,5,50.4,7.7,4,July
Pina 27,Pina,Pinnacles National Park,NonUrban,Normal,3,0.31,8,75.7,10.5,4,July
Pina 29,Pina,Pinnacles National Park,NonUrban,Normal,5,0.35,11,95.2,12.8,4,July
Pina 3,Pina,Pinnacles National Park,NonUrban,Normal,8,0.2,11,56.2,8.1,4,July
Pina 30,Pina,Pinnacles National Park,NonUrban,Normal,8,0.25,11,102.3,14.9,4,July
Pina 5,Pina,Pinnacles National Park,NonUrban,Normal,6,0.46,11,109.5,6.1,4,July
Pina 6,Pina,Pinnacles National Park,NonUrban,Normal,6,0.28,11,96.8,10.6,4,July
Pina 8,Pina,Pinnacles National Park,NonUrban,Normal,4,0.15,7,78.3,10.1,4,July
Pina 9,Pina,Pinnacles National Park,NonUrban,Normal,5,0.28,13,76.1,11,4,July
Ranch 1,Ranch,Reagan Ranch,NonUrban,Normal,4,0.32,9,50,7.5,5,June
Ranch 10,Ranch,Reagan Ranch,NonUrban,Normal,5,0.22,9,50.3,10.3,5,June
Ranch 11,Ranch,Reagan Ranch,NonUrban,Normal,2,0.23,12,105.7,13.7,5,June
Ranch 12,Ranch,Reagan Ranch,NonUrban,Normal,2,0.1,7,41.5,6.8,5,June
Ranch 13,Ranch,Reagan Ranch,NonUrban,Normal,7,0.47,12,66.4,10.1,5,June
Ranch 14,Ranch,Reagan Ranch,NonUrban,Normal,2,0.15,4,53.8,10.7,5,June
Ranch 17,Ranch,Reagan Ranch,NonUrban,Normal,2,0.21,4,49.4,10.1,5,June
Ranch 18,Ranch,Reagan Ranch,NonUrban,Normal,2,0.32,4,45.7,10.5,5,June
Ranch 2,Ranch,Reagan Ranch,NonUrban,Normal,2,0.12,3,5,3.2,5,June
Ranch 20,Ranch,Reagan Ranch,NonUrban,Normal,2,0.06,3,44,8.1,5,June
Ranch 22,Ranch,Reagan Ranch,NonUrban,Normal,3,0.49,9,85.1,13.6,5,June
Ranch 24,Ranch,Reagan Ranch,NonUrban,Normal,3,NA,13,107.5,14.4,5,June
Ranch 26,Ranch,Reagan Ranch,NonUrban,Normal,3,0.17,9,64.3,9.5,5,June
Ranch 3,Ranch,Reagan Ranch,NonUrban,Normal,2,0.24,4,46.7,9.6,5,June
Ranch 5,Ranch,Reagan Ranch,NonUrban,Normal,7,0.53,12,103.7,14,5,June
Ranch 6,Ranch,Reagan Ranch,NonUrban,Normal,3,0.21,5,49.5,9.5,5,June
Ranch 8,Ranch,Reagan Ranch,NonUrban,Normal,2,0.06,4,28.7,4.6,5,June
Ranch 9,Ranch,Reagan Ranch,NonUrban,Normal,1,0.19,4,48.7,11.2,5,June
Sand 1,Sand,Sandstone Peak,NonUrban,Normal,6,0.25,10,81.9,9.7,5,June
Sand 10,Sand,Sandstone Peak,NonUrban,Normal,1,0.04,2,14.8,5.1,5,June
Sand 12,Sand,Sandstone Peak,NonUrban,Normal,4,0.37,8,57.9,9.2,5,June
Sand 14,Sand,Sandstone Peak,NonUrban,Normal,3,0.1,11,61.5,8,5,June
Sand 15,Sand,Sandstone Peak,NonUrban,Normal,1,NA,9,43.6,7.6,5,June
Sand 17,Sand,Sandstone Peak,NonUrban,Normal,4,0.31,8,58.3,7.8,5,June
Sand 2,Sand,Sandstone Peak,NonUrban,Normal,3,0.15,6,40.6,7.4,5,June
Sand 20,Sand,Sandstone Peak,NonUrban,Normal,3,0.33,5,49.7,8.9,5,June
Sand 21,Sand,Sandstone Peak,NonUrban,Normal,4,0.25,10,107.8,13,5,June
Sand 22,Sand,Sandstone Peak,NonUrban,Normal,4,0.17,7,66.5,10.1,5,June
Sand 24,Sand,Sandstone Peak,NonUrban,Normal,4,0.13,6,60.8,7.7,5,June
Sand 26,Sand,Sandstone Peak,NonUrban,Normal,4,0.17,7,40.4,8.3,5,June
Sand 27,Sand,Sandstone Peak,NonUrban,Normal,4,0.25,8,86.9,10.8,5,June
Sand 28,Sand,Sandstone Peak,NonUrban,Normal,4,0.35,9,73.4,9.2,5,June
Sand 29,Sand,Sandstone Peak,NonUrban,Normal,5,0.21,9,50.7,6.9,5,June
Sand 3,Sand,Sandstone Peak,NonUrban,Normal,3,0.23,11,53.6,7.1,5,June
Sand 30,Sand,Sandstone Peak,NonUrban,Normal,3,0.2,6,61,8.2,5,June
Sand 5,Sand,Sandstone Peak,NonUrban,Normal,3,0.27,9,68.8,10.5,5,June
Sand 6,Sand,Sandstone Peak,NonUrban,Normal,5,0.21,8,93,12.6,5,June
Tuna 1,Tuna,Santa Cruz Island,NonUrban,Normal,4,0.22,6,60.5,10.8,NA,July
Tuna 3,Tuna,Santa Cruz Island,NonUrban,Normal,4,0.15,8,47.6,7.3,NA,July
Tuna 4,Tuna,Santa Cruz Island,NonUrban,Normal,1,0.07,5,29,5.7,NA,July
Tuna 5,Tuna,Santa Cruz Island,NonUrban,Normal,4,0.23,6,57.6,10.6,NA,July
Cal Poly 1,Cal Poly,Cal Poly SLO,Urban,Normal,2,0.17,6,46.8,7.8,3,July
Cal Poly 10,Cal Poly,Cal Poly SLO,Urban,Normal,1,0.13,4,47.1,9.6,3,July
Cal Poly 11,Cal Poly,Cal Poly SLO,Urban,Normal,3,0.11,8,81.1,10.8,3,July
Cal Poly 15,Cal Poly,Cal Poly SLO,Urban,Normal,3,0.22,6,50.3,11.3,3,July
Cal Poly 16,Cal Poly,Cal Poly SLO,Urban,Normal,4,0.23,8,72.3,13,3,July
Cal Poly 17,Cal Poly,Cal Poly SLO,Urban,Normal,5,0.24,7,57.9,8.7,3,July
Cal Poly 18,Cal Poly,Cal Poly SLO,Urban,Normal,8,0.33,11,65.5,10.3,3,July
Cal Poly 19,Cal Poly,Cal Poly SLO,Urban,Normal,2,0.26,4,53.7,9.6,3,July
Cal Poly 2,Cal Poly,Cal Poly SLO,Urban,Normal,1,0.25,4,52.8,9.1,3,July
Cal Poly 23,Cal Poly,Cal Poly SLO,Urban,Normal,10,0.4,13,69.1,9.7,3,July
Cal Poly 24,Cal Poly,Cal Poly SLO,Urban,Normal,4,0.14,8,62.8,10.3,3,July
Cal Poly 25,Cal Poly,Cal Poly SLO,Urban,Normal,2,0.22,4,48.2,9.2,3,July
Cal Poly 26,Cal Poly,Cal Poly SLO,Urban,Normal,2,0.31,5,61.5,11.1,3,July
Cal Poly 29,Cal Poly,Cal Poly SLO,Urban,Normal,5,0.14,7,52.2,10.7,3,July
Cal Poly 6,Cal Poly,Cal Poly SLO,Urban,Normal,1,0.22,4,54.9,10.1,3,July
Cal Poly 7,Cal Poly,Cal Poly SLO,Urban,Normal,6,NA,11,80.7,11.4,3,July
Debb 1,Debb,Griffith Park,Urban,Normal,5,0.19,9,74.6,9.5,8,June
Debb 10,Debb,Griffith Park,Urban,Normal,3,0.2,6,31.9,7.8,8,June
Debb 11,Debb,Griffith Park,Urban,Normal,3,0.09,6,57.9,8.1,8,June
Debb 14,Debb,Griffith Park,Urban,Normal,5,0.29,7,62.2,9.7,8,June
Debb 15,Debb,Griffith Park,Urban,Normal,3,0.13,7,43.3,8.4,8,June
Debb 16,Debb,Griffith Park,Urban,Normal,3,0.12,7,66.9,13.7,8,June
Debb 17,Debb,Griffith Park,Urban,Normal,7,0.28,9,86.1,12.5,8,June
Debb 18,Debb,Griffith Park,Urban,Normal,4,0.16,8,57.3,8.9,8,June
Debb 2,Debb,Griffith Park,Urban,Normal,3,0.27,9,66.3,10.5,8,June
Debb 21,Debb,Griffith Park,Urban,Normal,6,0.19,9,99.4,13.8,8,June
Debb 22,Debb,Griffith Park,Urban,Normal,6,0.2,7,60.4,8.1,8,June
Debb 24,Debb,Griffith Park,Urban,Normal,8,0.1,9,75.5,11.8,8,June
Debb 25,Debb,Griffith Park,Urban,Normal,6,0.28,7,72.4,8.8,8,June
Debb 27,Debb,Griffith Park,Urban,Normal,3,NA,12,97.5,13.5,8,June
Debb 28,Debb,Griffith Park,Urban,Normal,5,0.2,6,80.3,13,8,June
Debb 29,Debb,Griffith Park,Urban,Normal,3,0.13,7,83.7,8.6,8,June
Debb 3,Debb,Griffith Park,Urban,Normal,4,0.16,6,54.4,8.7,8,June
Debb 30,Debb,Griffith Park,Urban,Normal,2,0.07,4,50.7,7.8,8,June
Debb 5,Debb,Griffith Park,Urban,Normal,4,0.28,8,119.6,10.9,8,June
Debb 6,Debb,Griffith Park,Urban,Normal,6,0.16,8,54.6,9.2,8,June
Debb 7,Debb,Griffith Park,Urban,Normal,5,0.29,9,90.4,14,8,June
Debb 8,Debb,Griffith Park,Urban,Normal,4,0.2,8,65.5,7.6,8,June
Debb 9,Debb,Griffith Park,Urban,Normal,5,0.27,12,92,11.1,8,June
Don 11,Don,Don Edwards,Urban,Normal,4,0.14,12,94.7,15.5,6,July
Don 12,Don,Don Edwards,Urban,Normal,8,0.19,6,61.4,9.2,6,July
Don 15,Don,Don Edwards,Urban,Normal,4,0.35,11,100.6,12,6,July
Don 16,Don,Don Edwards,Urban,Normal,8,0.39,10,85,8.7,6,July
Don 18,Don,Don Edwards,Urban,Normal,1,0.27,4,46.3,7.5,6,July
Don 19,Don,Don Edwards,Urban,Normal,3,0.31,7,63.1,8.8,6,July
Don 2,Don,Don Edwards,Urban,Normal,5,0.19,8,46.8,7.5,6,July
Don 21,Don,Don Edwards,Urban,Normal,1,0.36,9,62.1,10.5,6,July
Don 22,Don,Don Edwards,Urban,Normal,4,0.12,6,46.4,7.3,6,July
Don 23,Don,Don Edwards,Urban,Normal,5,0.33,11,101.5,12.4,6,July
Don 24,Don,Don Edwards,Urban,Normal,3,0.12,6,50.1,8.1,6,July
Don 26,Don,Don Edwards,Urban,Normal,4,0.25,10,66.3,9,6,July
Don 3,Don,Don Edwards,Urban,Normal,6,0.35,8,66.8,11.2,6,July
Don 30,Don,Don Edwards,Urban,Normal,NA,NA,8,36.1,6.3,6,July
Don 4,Don,Don Edwards,Urban,Normal,7,0.24,12,103.2,10.2,6,July
Don 5,Don,Don Edwards,Urban,Normal,3,0.08,8,57.5,7.1,6,July
Don 9,Don,Don Edwards,Urban,Normal,2,0.19,4,46.7,7.8,6,July
Garden 1,Garden,UC Santa Cruz,Urban,Normal,3,0.13,7,56,9.3,3,July
Garden 11,Garden,UC Santa Cruz,Urban,Normal,6,0.23,8,78.3,9.1,3,July
Garden 15,Garden,UC Santa Cruz,Urban,Normal,2,0.11,5,38.1,9.1,3,July
Garden 16,Garden,UC Santa Cruz,Urban,Normal,5,0.23,9,75.2,7.8,3,July
Garden 19,Garden,UC Santa Cruz,Urban,Normal,3,0.08,8,33.7,4.9,3,July
Garden 2,Garden,UC Santa Cruz,Urban,Normal,5,0.3,8,49.6,11.2,3,July
Garden 20,Garden,UC Santa Cruz,Urban,Normal,5,0.31,14,84,12.3,3,July
Garden 22,Garden,UC Santa Cruz,Urban,Normal,3,0.05,7,60.1,8.3,3,July
Garden 24,Garden,UC Santa Cruz,Urban,Normal,2,0.14,4,36.3,7.8,3,July
Garden 25,Garden,UC Santa Cruz,Urban,Normal,5,0.22,8,62.2,8.7,3,July
Garden 26,Garden,UC Santa Cruz,Urban,Normal,3,0.16,14,76.9,7.1,3,July
Garden 27,Garden,UC Santa Cruz,Urban,Normal,3,0.11,9,40.8,6.8,3,July
Garden 5,Garden,UC Santa Cruz,Urban,Normal,4,0.19,10,64.3,10.1,3,July
Garden 6,Garden,UC Santa Cruz,Urban,Normal,5,0.31,12,60.5,10.6,3,July
Garden 9,Garden,UC Santa Cruz,Urban,Normal,4,0.12,6,51.7,8.2,3,July
Griff 1,Griff,Debbs Park,Urban,Normal,4,0.19,8,57.5,10.6,8,June
Griff 10,Griff,Debbs Park,Urban,Normal,7,0.33,10,83.4,9.1,8,June
Griff 11,Griff,Debbs Park,Urban,Normal,5,0.14,5,70.9,11.3,8,June
Griff 13,Griff,Debbs Park,Urban,Normal,1,0.21,4,50.3,9.1,8,June
Griff 14,Griff,Debbs Park,Urban,Normal,4,0.21,8,70.5,13.8,8,June
Griff 15,Griff,Debbs Park,Urban,Normal,3,0.22,7,91.6,11,8,June
Griff 16,Griff,Debbs Park,Urban,Normal,3,0.11,9,57.8,9.1,8,June
Griff 17,Griff,Debbs Park,Urban,Normal,7,0.29,10,73,10.6,8,June
Griff 18,Griff,Debbs Park,Urban,Normal,8,0.52,12,87.7,11.4,8,June
Griff 21,Griff,Debbs Park,Urban,Normal,4,0.31,11,59.4,10.1,8,June
Griff 24,Griff,Debbs Park,Urban,Normal,4,0.24,8,74.1,8.8,8,June
Griff 25,Griff,Debbs Park,Urban,Normal,3,0.23,4,70.3,10.8,8,June
Griff 27,Griff,Debbs Park,Urban,Normal,4,0.29,10,60.8,9.3,8,June
Griff 29,Griff,Debbs Park,Urban,Normal,5,0.15,9,60,8.7,8,June
Griff 30,Griff,Debbs Park,Urban,Normal,5,0.25,8,102.3,12.2,8,June
Griff 5,Griff,Debbs Park,Urban,Normal,2,0.14,3,26.3,5.6,8,June
Griff 6,Griff,Debbs Park,Urban,Normal,4,0.18,7,69.6,9.1,8,June
Irish 1,Irish,Irish Hills,Urban,Normal,1,0.05,5,19,4.1,6,July
Irish 10,Irish,Irish Hills,Urban,Normal,6,0.3,11,82.9,11.4,6,July
Irish 11,Irish,Irish Hills,Urban,Normal,1,0.11,4,47.8,10.9,6,July
Irish 12,Irish,Irish Hills,Urban,Normal,1,0.12,5,46.9,11.9,6,July
Irish 13,Irish,Irish Hills,Urban,Normal,1,0.11,2,21.9,5.2,6,July
Irish 15,Irish,Irish Hills,Urban,Normal,1,0.05,4,24.8,8.4,6,July
Irish 17,Irish,Irish Hills,Urban,Normal,2,0.14,6,38.9,7.8,6,July
Irish 18,Irish,Irish Hills,Urban,Normal,3,0.15,11,46.8,9,6,July
Irish 19,Irish,Irish Hills,Urban,Normal,2,0.14,4,41,9.5,6,July
Irish 2,Irish,Irish Hills,Urban,Normal,4,0.35,10,74.5,8.7,6,July
Irish 20,Irish,Irish Hills,Urban,Normal,5,0.15,8,66.3,10.7,6,July
Irish 22,Irish,Irish Hills,Urban,Normal,5,0.28,9,96.2,12.5,6,July
Irish 24,Irish,Irish Hills,Urban,Normal,2,0.15,6,37.5,8.4,6,July
Irish 25,Irish,Irish Hills,Urban,Normal,4,0.12,7,65.9,8.9,6,July
Irish 26,Irish,Irish Hills,Urban,Normal,3,0.15,4,28.8,8.3,6,July
Irish 28,Irish,Irish Hills,Urban,Normal,5,0.27,12,99,9.7,6,July
Irish 3,Irish,Irish Hills,Urban,Normal,5,0.21,5,57.8,8.8,6,July
Irish 30,Irish,Irish Hills,Urban,Normal,2,0.14,4,47.9,10.7,6,July
Irish 5,Irish,Irish Hills,Urban,Normal,5,0.32,10,101,11.4,6,July
Irish 6,Irish,Irish Hills,Urban,Normal,5,0.25,8,68,10,6,July
Irish 7,Irish,Irish Hills,Urban,Normal,1,0.11,3,32.1,8.1,6,July
Irish 9,Irish,Irish Hills,Urban,Normal,3,0.13,8,44.1,7.4,6,July
Lake 10,Lake,Lake Balboa,Urban,Normal,6,0.44,13,110.4,13.2,9,June
Lake 12,Lake,Lake Balboa,Urban,Normal,5,0.32,11,77.9,9.2,9,June
Lake 13,Lake,Lake Balboa,Urban,Normal,8,0.29,11,108.9,16.1,9,June
Lake 14,Lake,Lake Balboa,Urban,Normal,5,0.13,7,64.6,8.3,9,June
Lake 15,Lake,Lake Balboa,Urban,Normal,2,0.11,6,46.8,7.1,9,June
Lake 16,Lake,Lake Balboa,Urban,Normal,5,0.21,8,108.6,15,9,June
Lake 17,Lake,Lake Balboa,Urban,Normal,7,0.22,11,104.6,12.5,9,June
Lake 18,Lake,Lake Balboa,Urban,Normal,5,0.4,13,116.7,16.6,9,June
Lake 19,Lake,Lake Balboa,Urban,Normal,8,0.37,8,53,8.6,9,June
Lake 2,Lake,Lake Balboa,Urban,Normal,1,0.13,6,77.3,7.6,9,June
Lake 20,Lake,Lake Balboa,Urban,Normal,4,0.14,8,64.8,10.6,9,June
Lake 21,Lake,Lake Balboa,Urban,Normal,3,0.21,10,46.7,7.5,9,June
Lake 22,Lake,Lake Balboa,Urban,Normal,4,0.17,7,78.9,10.1,9,June
Lake 23,Lake,Lake Balboa,Urban,Normal,4,0.32,9,44.2,8.2,9,June
Lake 24,Lake,Lake Balboa,Urban,Normal,4,0.31,10,115.1,16.6,9,June
Lake 27,Lake,Lake Balboa,Urban,Normal,4,0.15,9,87.8,13.1,9,June
Lake 29,Lake,Lake Balboa,Urban,Normal,5,0.39,8,69.8,10.2,9,June
Lake 3,Lake,Lake Balboa,Urban,Normal,5,0.27,9,64.4,9.8,9,June
Lake 4,Lake,Lake Balboa,Urban,Normal,1,0.12,3,38.8,8.4,9,June
Lake 5,Lake,Lake Balboa,Urban,Normal,4,0.29,9,89.5,13.5,9,June
Lake 6,Lake,Lake Balboa,Urban,Normal,3,0.13,6,59.7,9.5,9,June
Lake 7,Lake,Lake Balboa,Urban,Normal,5,0.46,12,80.5,13.4,9,June
Lake 8,Lake,Lake Balboa,Urban,Normal,3,0.13,10,57.8,7.7,9,June
Lake 9,Lake,Lake Balboa,Urban,Normal,5,0.24,7,71.4,10.9,9,June
Marco 11,Marco,Marco Foothills,Urban,Normal,3,0.2,9,74.6,11,3,June
Marco 12,Marco,Marco Foothills,Urban,Normal,3,0.21,5,53.4,7.6,3,June
Marco 14,Marco,Marco Foothills,Urban,Normal,5,0.39,10,92.5,11.5,3,June
Marco 15,Marco,Marco Foothills,Urban,Normal,5,0.17,8,102.8,12.3,3,June
Marco 16,Marco,Marco Foothills,Urban,Normal,7,0.38,11,67.9,10.6,3,June
Marco 17,Marco,Marco Foothills,Urban,Normal,2,0.27,4,51.7,8.5,3,June
Marco 20,Marco,Marco Foothills,Urban,Normal,3,0.17,5,37.5,9.7,3,June
Marco 22,Marco,Marco Foothills,Urban,Normal,7,0.28,11,108.4,12.8,3,June
Marco 23,Marco,Marco Foothills,Urban,Normal,1,0.18,5,50.2,10.2,3,June
Marco 24,Marco,Marco Foothills,Urban,Normal,7,0.37,9,95.1,13.5,3,June
Marco 26,Marco,Marco Foothills,Urban,Normal,3,0.09,6,60.3,7.2,3,June
Marco 28,Marco,Marco Foothills,Urban,Normal,4,0.17,8,46.1,7.9,3,June
Marco 3,Marco,Marco Foothills,Urban,Normal,3,0.13,8,53.6,8.3,3,June
Marco 4,Marco,Marco Foothills,Urban,Normal,3,0.08,3,24.3,6.2,3,June
Marco 5,Marco,Marco Foothills,Urban,Normal,6,0.38,12,115.3,14.3,3,June
Marco 6,Marco,Marco Foothills,Urban,Normal,5,0.33,10,67.9,6.3,3,June
Marco 7,Marco,Marco Foothills,Urban,Normal,8,0.16,8,53.9,7.2,3,June
Marco 8,Marco,Marco Foothills,Urban,Normal,4,0.19,7,77.9,12,3,June
Marco 9,Marco,Marco Foothills,Urban,Normal,3,0.15,8,84.3,7.8,3,July
Seaside 1,Seaside,CSU Monterrey,Urban,Normal,3,0.15,5,38.2,9.5,3,July
Seaside 10,Seaside,CSU Monterrey,Urban,Normal,4,0.12,8,56,9.9,3,July
Seaside 11,Seaside,CSU Monterrey,Urban,Normal,4,0.13,6,48.5,8.5,3,July
Seaside 12,Seaside,CSU Monterrey,Urban,Normal,4,0.06,4,35.2,9.5,3,July
Seaside 13,Seaside,CSU Monterrey,Urban,Normal,4,0.4,11,73.4,11,3,July
Seaside 16,Seaside,CSU Monterrey,Urban,Normal,2,0.14,8,42.9,6.3,3,July
Seaside 2,Seaside,CSU Monterrey,Urban,Normal,6,0.17,7,51.8,10,3,July
Seaside 20,Seaside,CSU Monterrey,Urban,Normal,4,NA,9,61.8,8.8,3,July
Seaside 22,Seaside,CSU Monterrey,Urban,Normal,4,0.17,9,41.2,11,3,July
Seaside 24,Seaside,CSU Monterrey,Urban,Normal,3,0.1,9,37.6,6.8,3,July
Seaside 26,Seaside,CSU Monterrey,Urban,Normal,4,0.15,8,45,8,3,July
Seaside 30,Seaside,CSU Monterrey,Urban,Normal,3,0.15,8,60.6,6.7,3,July
Seaside 4,Seaside,CSU Monterrey,Urban,Normal,2,0.14,5,32.5,8.6,3,July
Seaside 5,Seaside,CSU Monterrey,Urban,Normal,3,0.15,5,47.6,8.7,3,July
Seaside 8,Seaside,CSU Monterrey,Urban,Normal,4,0.21,9,58.4,10,3,July
Dark 10s,Dark,Rattlesnake Canyon,NonUrban,Sand,NA,NA,8,48.2,7,3,July
Dark 12s,Dark,Rattlesnake Canyon,NonUrban,Sand,NA,NA,6,28.7,6.2,5,June
Dark 16s,Dark,Rattlesnake Canyon,NonUrban,Sand,NA,NA,10,106.1,10.9,3,July
Dark 18s,Dark,Sandstone Peak,NonUrban,Sand,NA,NA,8,68.1,8.6,3,July
Dark 19s,Dark,Rattlesnake Canyon,NonUrban,Sand,NA,NA,8,55.3,7,3,July
Dark 1s,Dark,Rattlesnake Canyon,NonUrban,Sand,NA,NA,10,85.5,10.9,3,July
Dark 22s,Dark,Rattlesnake Canyon,NonUrban,Sand,NA,NA,5,46.3,8.3,3,July
Dark 24s,Dark,Rattlesnake Canyon,NonUrban,Sand,NA,NA,9,67,11.8,3,July
Dark 26s,Dark,Rattlesnake Canyon,NonUrban,Sand,NA,NA,2,30.9,5.5,3,July
Dark 27s,Dark,Rattlesnake Canyon,NonUrban,Sand,NA,NA,11,69.6,7,3,July
Dark 3s,Dark,Rattlesnake Canyon,NonUrban,Sand,NA,NA,4,30.1,6.1,3,July
Dark 4s,Dark,Rattlesnake Canyon,NonUrban,Sand,NA,NA,6,34.3,7.1,3,July
Dark 7s,Dark,Rattlesnake Canyon,NonUrban,Sand,NA,NA,4,40,6.2,3,July
Dark 8s,Dark,Rattlesnake Canyon,NonUrban,Sand,NA,NA,8,65.5,8,3,
King 10s,King,King Gillette Ranch,NonUrban,Sand,NA,NA,6,56.8,8.2,5,
King 11s,King,King Gillette Ranch,NonUrban,Sand,NA,NA,6,46.4,8.6,5,
King 12s,King,King Gillette Ranch,NonUrban,Sand,NA,NA,5,43.2,9.1,5,
King 14s,King,King Gillette Ranch,NonUrban,Sand,NA,NA,7,50.4,7.1,5,
King 15s,King,King Gillette Ranch,NonUrban,Sand,NA,NA,5,48.9,7,5,
King 16s,King,King Gillette Ranch,NonUrban,Sand,NA,NA,8,50.5,9.2,5,
King 5s,King,King Gillette Ranch,NonUrban,Sand,NA,NA,4,41.9,8.8,5,
King 6s,King,King Gillette Ranch,NonUrban,Sand,NA,NA,8,64.2,7.6,5,
King 7s,King,King Gillette Ranch,NonUrban,Sand,NA,NA,7,73.6,9.2,5,
King 9s,King,King Gillette Ranch,NonUrban,Sand,NA,,6,41.1,5.7,5,
Lobos 1s,Lobos,Santa Cruz,NonUrban,Sand,NA,NA,7,62.1,8.2,6,
Lobos 2s,Lobos,Santa Cruz,NonUrban,Sand,NA,NA,7,51.1,9.4,6,
Lobos 3s,Lobos,Santa Cruz,NonUrban,Sand,NA,NA,9,50.2,7.4,6,
Lobos 4s,Lobos,Santa Cruz,NonUrban,Sand,NA,NA,6,52.2,7.2,6,
Lobos 5s,Lobos,Santa Cruz,NonUrban,Sand,NA,NA,6,51.6,11,6,
Lobos 7s,Lobos,Santa Cruz,NonUrban,Sand,NA,NA,7,50.2,7.7,6,
Lobos 8s,Lobos,Santa Cruz,NonUrban,Sand,NA,NA,5,41.9,5.4,6,
Long 1 s,Long,Sierra Azul,NonUrban,Sand,NA,NA,5,55.3,9.3,6,
Long 14s,Long,Sierra Azul,NonUrban,Sand,NA,NA,8,74.4,13,6,
Long 16s,Long,Sierra Azul,NonUrban,Sand,NA,NA,6,47.8,8.4,6,
Long 17s,Long,Sierra Azul,NonUrban,Sand,NA,NA,2,26.1,5.7,6,
Long 23s1,Long,Sierra Azul,NonUrban,Sand,NA,NA,10,89.2,8.9,6,
Long 23s2,Long,Sierra Azul,NonUrban,Sand,NA,NA,8,67.1,12,6,
Long 24s,Long,Sierra Azul,NonUrban,Sand,NA,NA,5,46.1,5.5,6,
Long 26s,Long,Sierra Azul,NonUrban,Sand,NA,NA,11,92.3,10.1,6,
Long 27s,Long,Sierra Azul,NonUrban,Sand,NA,NA,3,40.4,7,6,
Long 29s,Long,Sierra Azul,NonUrban,Sand,NA,NA,8,45.6,7.7,6,
Long 3s,Long,Sierra Azul,NonUrban,Sand,NA,NA,9,40.5,10.4,6,
Long 4s,Long,Sierra Azul,NonUrban,Sand,NA,NA,10,64.4,5,6,
Long 5s,Long,Sierra Azul,NonUrban,Sand,NA,NA,5,48.6,8.8,6,
Long 6s,Long,Sierra Azul,NonUrban,Sand,NA,NA,8,66.8,10.1,6,
Long 7s,Long,Sierra Azul,NonUrban,Sand,NA,NA,8,54.8,6.7,6,
Long 8s,Long,Sierra Azul,NonUrban,Sand,NA,NA,5,32.1,7,6,
Oro 12s,Oro,Montana de Oro,NonUrban,Sand,NA,NA,4,38.9,8.4,3,
Oro 15s,Oro,Montana de Oro,NonUrban,Sand,NA,NA,4,44.9,8.9,3,
Oro 16s,Oro,Montana de Oro,NonUrban,Sand,NA,NA,4,44.6,9.4,3,
Oro 17s,Oro,Montana de Oro,NonUrban,Sand,NA,NA,2,40.5,8.6,3,
Oro 19s,Oro,Montana de Oro,NonUrban,Sand,NA,NA,3,45.8,6.6,3,
Oro 28,Oro,Montana de Oro,NonUrban,Sand,3,0.09,7,57,9.5,5,July
Oro 29,Oro,Montana de Oro,NonUrban,Sand,5,0.44,10,90.1,12.5,5,July
Oro 29s,Oro,Montana de Oro,NonUrban,Sand,NA,NA,9,78,12.1,3,
Oro 5s,Oro,Montana de Oro,NonUrban,Sand,NA,NA,7,55.1,8.5,3,
Oro 6s,Oro,Montana de Oro,NonUrban,Sand,NA,NA,4,41.5,6.7,3,
Oro 7s,Oro,Montana de Oro,NonUrban,Sand,NA,NA,7,47.5,7.9,5,July
Oro 8s,Oro,Montana de Oro,NonUrban,Sand,NA,NA,4,43.9,9,3,
Oro 9s,Oro,Montana de Oro,NonUrban,Sand,NA,NA,11,76.1,9.2,3,
Pina 10s,Pina,Pinnacles National Park,NonUrban,Sand,NA,NA,7,82,9.7,5,
Pina 13s,Pina,Pinnacles National Park,NonUrban,Sand,NA,NA,7,59,8.7,5,July
Pina 16s,Pina,Pinnacles National Park,NonUrban,Sand,NA,NA,6,50.5,5.7,5,
Pina 1s,Pina,Pinnacles National Park,NonUrban,Sand,NA,NA,7,87.9,13.2,5,
Pina 20s,Pina,Pinnacles National Park,NonUrban,Sand,NA,NA,9,60.1,7.5,5,
Pina 22s,Pina,Pinnacles National Park,NonUrban,Sand,NA,NA,11,80.2,10.3,5,
Pina 23s,Pina,Pinnacles National Park,NonUrban,Sand,NA,NA,8,64.3,9.3,5,
Pina 25s,Pina,Pinnacles National Park,NonUrban,Sand,NA,NA,6,61.6,7.4,5,
Pina 27s,Pina,Pinnacles National Park,NonUrban,Sand,NA,NA,5,54.9,12,5,
Pina 2s,Pina,Pinnacles National Park,NonUrban,Sand,NA,NA,6,55.3,10,5,
Pina 3s,Pina,Pinnacles National Park,NonUrban,Sand,NA,NA,10,51.2,6.7,5,
Pina 5s,Pina,Pinnacles National Park,NonUrban,Sand,NA,NA,5,53.1,7.8,5,
Pina 6s,Pina,Pinnacles National Park,NonUrban,Sand,NA,NA,8,86.6,9,5,
Pina 8s,Pina,Pinnacles National Park,NonUrban,Sand,NA,NA,5,40.7,8.2,5,
Pina 9s,Pina,Pinnacles National Park,NonUrban,Sand,NA,NA,13,86.1,11.8,5,
Ranch 12s,Ranch,Reagan Ranch,NonUrban,Sand,NA,NA,4,17.2,4.3,5,
Ranch 14s,Ranch,Reagan Ranch,NonUrban,Sand,NA,NA,4,52.3,9.9,5,
Ranch 17s,Ranch,Reagan Ranch,NonUrban,Sand,NA,NA,4,55.5,9.8,5,
Ranch 1s,Ranch,Reagan Ranch,NonUrban,Sand,NA,NA,5,31,7,5,
Ranch 22s,Ranch,Reagan Ranch,NonUrban,Sand,NA,NA,3,42.5,9.4,5,
Ranch 24s,Ranch,Reagan Ranch,NonUrban,Sand,NA,NA,9,83.7,11.5,5,
Ranch 3s,Ranch,Reagan Ranch,NonUrban,Sand,NA,NA,4,46.4,8.3,5,
Ranch 8s,Ranch,Reagan Ranch,NonUrban,Sand,NA,NA,8,86,9.8,5,
Ranch 9s,Ranch,Reagan Ranch,NonUrban,Sand,NA,NA,4,51.1,9.2,5,
Sand 12s,Sand,Sandstone Peak,NonUrban,Sand,NA,NA,4,35.1,8.5,5,
Sand 15s,Sand,Sandstone Peak,NonUrban,Sand,NA,NA,8,52,7.2,5,
Sand 16s1,Sand,Sandstone Peak,NonUrban,Sand,NA,NA,7,67.5,9.3,5,
Sand 16s2,Sand,Sandstone Peak,NonUrban,Sand,NA,NA,5,36.1,7.7,5,
Sand 17s,Sand,Sandstone Peak,NonUrban,Sand,NA,NA,8,53.4,8.5,5,
Sand 1s,Sand,Sandstone Peak,NonUrban,Sand,NA,NA,5,66,11,5,
Sand 20s,Sand,Sandstone Peak,NonUrban,Sand,NA,NA,7,41.2,7.7,5,
Sand 21s,Sand,Sandstone Peak,NonUrban,Sand,NA,NA,10,104.3,14.3,5,
Sand 22s,Sand,Sandstone Peak,NonUrban,Sand,NA,NA,6,50.4,7.5,5,
Sand 26s,Sand,Sandstone Peak,NonUrban,Sand,NA,NA,6,51.8,7.2,5,
Sand 27s,Sand,Sandstone Peak,NonUrban,Sand,NA,NA,11,98.4,13.1,5,
Sand 28s,Sand,Sandstone Peak,NonUrban,Sand,NA,NA,12,68,9.4,5,
Sand 29s,Sand,Sandstone Peak,NonUrban,Sand,NA,NA,6,43.8,9.4,5,
Sand 2s,Sand,Sandstone Peak,NonUrban,Sand,NA,NA,6,43.2,8.2,5,
Sand 30s,Sand,Sandstone Peak,NonUrban,Sand,NA,NA,4,47.3,6.1,5,
Sand 5s,Sand,Sandstone Peak,NonUrban,Sand,NA,NA,9,51.4,4.9,5,
Sand 6s,Sand,Sandstone Peak,NonUrban,Sand,NA,NA,8,91.1,11.3,5,
Tuna 3s,Tuna,Santa Cruz Island,NonUrban,Sand,NA,NA,7,62.2,9.7,5,
Tuna 4s,Tuna,Santa Cruz Island,NonUrban,Sand,NA,NA,4,48,6.5,3,July
Tuna 5s,Tuna,Santa Cruz Island,NonUrban,Sand,NA,NA,5,58.6,8.6,5,
Tuna 8s,Tuna,Santa Cruz Island,NonUrban,Sand,NA,NA,6,60.3,8.6,5,
Cal Poly 10s,Cal Poly,Cal Poly SLO,Urban,Sand,NA,NA,4,51.9,9.3,4,July
Cal Poly 16s,Cal Poly,Cal Poly SLO,Urban,Sand,NA,NA,4,39.8,9.2,4,July
Cal Poly 17s,Cal Poly,Cal Poly SLO,Urban,Sand,NA,NA,2,13.2,4.4,4,July
Cal Poly 1s,Cal Poly,Cal Poly SLO,Urban,Sand,NA,NA,6,4.3,6.9,4,July
Cal Poly 21s,Cal Poly,Cal Poly SLO,Urban,Sand,NA,NA,6,68,10.4,4,July
Cal Poly 24s,Cal Poly,Cal Poly SLO,Urban,Sand,NA,NA,5,58.1,8.1,4,July
Cal Poly 25s,Cal Poly,Cal Poly SLO,Urban,Sand,NA,NA,3,34,7.6,4,July
Cal Poly 26s,Cal Poly,Cal Poly SLO,Urban,Sand,NA,NA,4,52.5,7.4,4,July
Cal Poly 29s,Cal Poly,Cal Poly SLO,Urban,Sand,NA,NA,6,58.3,9.3,4,July
Cal Poly 2s,Cal Poly,Cal Poly SLO,Urban,Sand,NA,NA,4,49.5,9,4,July
Cal Poly 6s,Cal Poly,Cal Poly SLO,Urban,Sand,NA,NA,4,45.7,8.4,4,July
Cal Poly 7s,Cal Poly,Cal Poly SLO,Urban,Sand,NA,NA,5,45.6,8.4,4,July
Debb 10s,Debb,Griffith Park,Urban,Sand,NA,NA,4,31.1,7.2,3,July
Debb 12s,Debb,Griffith Park,Urban,Sand,NA,NA,12,94.3,12.1,3,July
Debb 14s,Debb,Griffith Park,Urban,Sand,NA,NA,12,60.6,7.4,3,July
Debb 15s,Debb,Griffith Park,Urban,Sand,NA,NA,6,40.6,7.8,3,July
Debb 18s,Debb,Griffith Park,Urban,Sand,NA,NA,8,61,9.2,3,July
Debb 21s,Debb,Griffith Park,Urban,Sand,NA,NA,7,79.7,10.7,3,July
Debb 22s,Debb,Griffith Park,Urban,Sand,NA,NA,7,57.8,8.1,3,July
Debb 24s,Debb,Griffith Park,Urban,Sand,NA,NA,9,75.5,11.8,3,July
Debb 24s,Debb,Griffith Park,Urban,Sand,NA,NA,7,70.8,11,3,July
Debb 25s,Debb,Griffith Park,Urban,Sand,NA,NA,6,62.8,10.5,3,July
Debb 27s,Debb,Griffith Park,Urban,Sand,NA,NA,11,95.2,14,3,July
Debb 28s,Debb,Griffith Park,Urban,Sand,NA,NA,5,61,8.9,3,July
Debb 29s,Debb,Griffith Park,Urban,Sand,NA,NA,4,51.6,8.2,3,July
Debb 30s,Debb,Griffith Park,Urban,Sand,NA,NA,4,51.2,6.7,3,July
Debb 6s,Debb,Griffith Park,Urban,Sand,NA,NA,8,63.3,10.5,3,July
Debb 8s,Debb,Griffith Park,Urban,Sand,NA,NA,6,51.6,7.4,3,July
Don 11s,Don,Don Edwards,Urban,Sand,NA,NA,7,50.9,8.7,1,July
Don 11s,Don,Don Edwards,Urban,Sand,NA,NA,6,43.6,6.5,1,July
Don 15s,Don,Don Edwards,Urban,Sand,NA,NA,9,80.2,9.6,1,July
Don 18s,Don,Don Edwards,Urban,Sand,NA,NA,4,41.6,9.5,1,July
Don 20s1,Don,Don Edwards,Urban,Sand,NA,NA,5,36.4,6.5,1,July
Don 20s2,Don,Don Edwards,Urban,Sand,NA,NA,7,59.9,8.1,1,July
Don 20s3,Don,Don Edwards,Urban,Sand,NA,NA,7,42.3,8.3,1,July
Don 21s,Don,Don Edwards,Urban,Sand,NA,NA,8,43.8,7.1,1,July
Don 22s,Don,Don Edwards,Urban,Sand,NA,NA,5,50.5,8.1,1,July
Don 23s,Don,Don Edwards,Urban,Sand,NA,NA,8,83.6,12,1,July
Don 28s,Don,Don Edwards,Urban,Sand,NA,NA,5,38.2,6.7,1,July
Don 2s,Don,Don Edwards,Urban,Sand,NA,NA,8,51.1,8.6,1,July
Don 4s,Don,Don Edwards,Urban,Sand,NA,NA,14,87.4,10.2,1,July
Don 5s,Don,Don Edwards,Urban,Sand,NA,NA,5,40.1,9,1,July
Don 6s1,Don,Don Edwards,Urban,Sand,NA,NA,7,62.7,10.4,1,July
Don 6s2,Don,Don Edwards,Urban,Sand,NA,NA,8,93.6,12.1,1,July
Don 9s,Don,Don Edwards,Urban,Sand,NA,NA,4,43,8.4,1,
Garden 11s,Garden,UC Santa Cruz,Urban,Sand,NA,NA,6,59.1,8.9,5,
Garden 13s1,Garden,UC Santa Cruz,Urban,Sand,NA,NA,9,67.8,7.6,5,
Garden 13s2,Garden,UC Santa Cruz,Urban,Sand,NA,NA,9,65.9,7.8,5,
Garden 15s,Garden,UC Santa Cruz,Urban,Sand,NA,NA,5,31.8,8.3,5,
Garden 1s,Garden,UC Santa Cruz,Urban,Sand,NA,NA,4,51.1,11.9,5,
Garden 20s,Garden,UC Santa Cruz,Urban,Sand,NA,NA,10,77.6,11.8,5,
Garden 24s,Garden,UC Santa Cruz,Urban,Sand,NA,NA,5,37.6,6.6,5,
Garden 2s,Garden,UC Santa Cruz,Urban,Sand,NA,NA,9,53.9,9.3,5,
Garden 6s,Garden,UC Santa Cruz,Urban,Sand,NA,NA,10,59.6,10.2,5,
Garden 9s,Garden,UC Santa Cruz,Urban,Sand,NA,NA,8,54.1,11.2,5,
Griff 10s,Griff,Debbs Park,Urban,Sand,NA,NA,12,93,11.1,3,
Griff 11s,Griff,Debbs Park,Urban,Sand,NA,NA,7,94.8,14.8,3,
Griff 13s,Griff,Debbs Park,Urban,Sand,NA,NA,3,47.1,7.2,3,
Griff 14s,Griff,Debbs Park,Urban,Sand,NA,NA,4,47.1,6.7,3,
Griff 22s1,Griff,Debbs Park,Urban,Sand,NA,NA,6,73.3,10.7,3,
Griff 22s2,Griff,Debbs Park,Urban,Sand,NA,NA,7,91.7,12.8,3,
Griff 24s,Griff,Debbs Park,Urban,Sand,NA,NA,7,57.7,6.8,3,
Griff 25s,Griff,Debbs Park,Urban,Sand,NA,NA,7,88.1,11.1,3,
Griff 30s,Griff,Debbs Park,Urban,Sand,NA,NA,8,83,10.3,3,
Griff 5s,Griff,Debbs Park,Urban,Sand,NA,NA,4,27.6,4,3,
Griff 6s,Griff,Debbs Park,Urban,Sand,NA,NA,5,72,10.7,3,
Griff 9s,Griff,Debbs Park,Urban,Sand,NA,NA,9,97,10.1,3,
Griff 9s,Griff,Debbs Park,Urban,Sand,NA,NA,6,70.3,12,3,
Irish 10s,Irish,Irish Hills,Urban,Sand,NA,NA,9,74.6,9.8,5,
Irish 11 s,Irish,Irish Hills,Urban,Sand,NA,NA,3,44.6,9.1,5,
Irish 12s,Irish,Irish Hills,Urban,Sand,NA,NA,4,54.1,11.9,5,
Irish 13s,Irish,Irish Hills,Urban,Sand,NA,NA,2,19.7,4.9,5,
Irish 18s,Irish,Irish Hills,Urban,Sand,NA,NA,4,24.2,8.2,5,
Irish 20s,Irish,Irish Hills,Urban,Sand,NA,NA,12,82.2,14.1,5,
Irish 24s,Irish,Irish Hills,Urban,Sand,NA,NA,4,46.6,10.4,5,
Irish 2s,Irish,Irish Hills,Urban,Sand,NA,NA,4,46.7,5.9,5,
Irish 30s,Irish,Irish Hills,Urban,Sand,NA,NA,3,49.1,8.2,5,
Irish 3s,Irish,Irish Hills,Urban,Sand,NA,NA,7,66.6,9.5,5,
Irish 5s,Irish,Irish Hills,Urban,Sand,NA,,5,55.5,7.5,5,
Irish 9s,Irish,Irish Hills,Urban,Sand,NA,NA,8,45.8,9.1,5,
Lake 11s,Lake,Lake Balboa,Urban,Sand,NA,NA,8,73.4,11,2,
Lake 12s,Lake,Lake Balboa,Urban,Sand,NA,NA,10,74.5,8.7,2,
Lake 15s,Lake,Lake Balboa,Urban,Sand,NA,NA,5,29.2,6,2,
Lake 16s,Lake,Lake Balboa,Urban,Sand,NA,NA,5,53.9,8.2,2,
Lake 17s,Lake,Lake Balboa,Urban,Sand,NA,NA,9,96.3,11.7,2,
Lake 18s,Lake,Lake Balboa,Urban,Sand,NA,NA,10,85.5,11,2,June
Lake 20s,Lake,Lake Balboa,Urban,Sand,NA,NA,6,39.1,6.8,2,
Lake 21s,Lake,Lake Balboa,Urban,Sand,NA,NA,8,50.1,9.4,2,June
Lake 24s,Lake,Lake Balboa,Urban,Sand,NA,NA,7,74.4,12.1,2,
Lake 27s,Lake,Lake Balboa,Urban,Sand,NA,NA,7,66.2,11.5,2,
Lake 3s,Lake,Lake Balboa,Urban,Sand,NA,NA,5,37.9,6.9,2,
Lake 5s,Lake,Lake Balboa,Urban,Sand,NA,NA,7,88.8,12,2,
Lake 6s,Lake,Lake Balboa,Urban,Sand,NA,NA,8,54.9,8.6,2,
Lake 8s,Lake,Lake Balboa,Urban,Sand,NA,NA,7,44.1,9.8,2,
Lake 9s,Lake,Lake Balboa,Urban,Sand,NA,NA,7,71.4,13,2,
Marco 11s,Marco,Marco Foothills,Urban,Sand,NA,NA,8,78.1,11.8,3,
Marco 12s,Marco,Marco Foothills,Urban,Sand,NA,NA,5,57.6,7.9,3,
Marco 14s,Marco,Marco Foothills,Urban,Sand,NA,NA,8,72.9,9.8,5,June
Marco 15s,Marco,Marco Foothills,Urban,Sand,NA,NA,5,57.3,7.5,3,
Marco 21s,Marco,Marco Foothills,Urban,Sand,NA,NA,13,85.2,11.2,3,
Marco 21s,Marco,Marco Foothills,Urban,Sand,NA,NA,9,73.8,11,3,
Marco 22s,Marco,Marco Foothills,Urban,Sand,NA,NA,9,95.6,9.2,5,June
Marco 23s,Marco,Marco Foothills,Urban,Sand,NA,NA,4,43,10.4,3,
Marco 3s,Marco,Marco Foothills,Urban,Sand,NA,NA,4,41.3,7.8,3,
Marco 6s,Marco,Marco Foothills,Urban,Sand,NA,NA,9,62.3,10.4,3,
Marco 8s,Marco,Marco Foothills,Urban,Sand,NA,NA,6,71.6,10.4,5,June
Marco 9s,Marco,Marco Foothills,Urban,Sand,NA,NA,7,88,10.5,3,
Seaside 10s,Seaside,CSU Monterrey,Urban,Sand,NA,NA,6,51.4,11.2,3,
Seaside 13s,Seaside,CSU Monterrey,Urban,Sand,NA,NA,4,25,6.3,3,
Seaside 20s,Seaside,CSU Monterrey,Urban,Sand,NA,NA,4,34.1,8.6,3,
Seaside 24s,Seaside,CSU Monterrey,Urban,Sand,NA,NA,10,32,4.5,3,
Seaside 26s,Seaside,CSU Monterrey,Urban,Sand,NA,NA,6,46,8.8,3,
Seaside 27s1,Seaside,CSU Monterrey,Urban,Sand,NA,NA,7,37.9,7.8,3,
Seaside 27s2,Seaside,CSU Monterrey,Urban,Sand,NA,NA,5,36.3,7.6,3,
Seaside 28s,Seaside,CSU Monterrey,Urban,Sand,NA,NA,5,30.5,7.6,3,
Seaside 30s,Seaside,CSU Monterrey,Urban,Sand,NA,NA,7,53,7.4,3,
Seaside 4s,Seaside,CSU Monterrey,Urban,Sand,NA,NA,4,27,6.7,3,
